loss,accuracy
1.5930132865905762,0.39498278498649597
