loss,accuracy
1.5780854225158691,0.39055582880973816
