loss,accuracy
0.44582313299179077,0.7732415199279785
