loss,accuracy
1.621279239654541,0.3733398914337158
