loss,accuracy
1.5512592792510986,0.38612887263298035
