loss,accuracy
1.610144019126892,0.3767830729484558
