loss,accuracy
0.55124831199646,0.8226044178009033
