loss,accuracy
0.42650386691093445,0.7958681583404541
