loss,accuracy
0.3992811143398285,0.8175110816955566
