loss,accuracy
1.6742304563522339,0.41523340344429016
