loss,accuracy
0.4944579601287842,0.7847666144371033
