loss,accuracy
0.5311998128890991,0.8191646337509155
