loss,accuracy
0.4486764371395111,0.801965594291687
