loss,accuracy
1.60439133644104,0.3635022044181824
