loss,accuracy
1.7905168533325195,0.33939990401268005
