loss,accuracy
1.6408168077468872,0.3772749602794647
