loss,accuracy
1.9504786729812622,0.403931200504303
