loss,accuracy
1.8809306621551514,0.38624078035354614
