loss,accuracy
1.6901524066925049,0.3797343969345093
