loss,accuracy
1.623246431350708,0.3644859790802002
