loss,accuracy
1.632680892944336,0.37875062227249146
