loss,accuracy
0.40911489725112915,0.815543532371521
