loss,accuracy
1.5919015407562256,0.38317757844924927
