loss,accuracy
0.41491442918777466,0.8135759830474854
