loss,accuracy
0.4273175597190857,0.8032464385032654
