loss,accuracy
0.4375585913658142,0.822429895401001
