loss,accuracy
1.5592951774597168,0.4093365967273712
