loss,accuracy
1.876348853111267,0.4127764105796814
