loss,accuracy
1.9423946142196655,0.41572481393814087
