loss,accuracy
0.4348014295101166,0.7978357076644897
