loss,accuracy
0.40784749388694763,0.8342351317405701
