loss,accuracy
0.46217262744903564,0.8132678270339966
