loss,accuracy
0.5879773497581482,0.8211302161216736
