loss,accuracy
0.5767644643783569,0.7009345889091492
