loss,accuracy
0.4071424603462219,0.8007870316505432
