loss,accuracy
0.48512205481529236,0.7840629816055298
